{
  "0": {
    "precision": 1.0,
    "recall": 1.0,
    "f1-score": 1.0,
    "support": 1000.0
  },
  "1": {
    "precision": 0.9541984732824428,
    "recall": 1.0,
    "f1-score": 0.9765625,
    "support": 1000.0
  },
  "2": {
    "precision": 1.0,
    "recall": 0.952,
    "f1-score": 0.9754098360655737,
    "support": 1000.0
  },
  "accuracy": 0.984,
  "macro avg": {
    "precision": 0.984732824427481,
    "recall": 0.984,
    "f1-score": 0.9839907786885246,
    "support": 3000.0
  },
  "weighted avg": {
    "precision": 0.984732824427481,
    "recall": 0.984,
    "f1-score": 0.9839907786885245,
    "support": 3000.0
  }
}