{
  "0": {
    "precision": 1.0,
    "recall": 0.996,
    "f1-score": 0.9979959919839679,
    "support": 1000.0
  },
  "1": {
    "precision": 0.538160469667319,
    "recall": 0.275,
    "f1-score": 0.3639973527465255,
    "support": 1000.0
  },
  "2": {
    "precision": 0.5144005358338914,
    "recall": 0.768,
    "f1-score": 0.6161251504211793,
    "support": 1000.0
  },
  "accuracy": 0.6796666666666666,
  "macro avg": {
    "precision": 0.6841870018337368,
    "recall": 0.6796666666666665,
    "f1-score": 0.6593728317172243,
    "support": 3000.0
  },
  "weighted avg": {
    "precision": 0.6841870018337367,
    "recall": 0.6796666666666666,
    "f1-score": 0.6593728317172243,
    "support": 3000.0
  }
}